{
  "version": 1,
  "author": "Anonymous maker",
  "editor": "wokwi",
  "parts": [
    { "type": "wokwi-breadboard", "id": "bb1", "top": -31.8, "left": -160.4, "attrs": {} },
    {
      "type": "board-esp32-devkit-c-v4",
      "id": "esp",
      "top": 180.74,
      "left": -5.9,
      "rotate": 90,
      "attrs": { "env": "micropython-20231227-v1.22.0" }
    },
    {
      "type": "wokwi-7segment",
      "id": "sevseg1",
      "top": 43.38,
      "left": 33.88,
      "attrs": { "common": "cathode", "color": "#00ddff" }
    },
    {
      "type": "wokwi-resistor",
      "id": "r8",
      "top": 148.8,
      "left": 28.25,
      "rotate": 90,
      "attrs": { "value": "1000" }
    }
  ],
  "connections": [
    [ "esp:TX", "$serialMonitor:RX", "", [] ],
    [ "esp:RX", "$serialMonitor:TX", "", [] ],
    [ "esp:26", "bb1:28t.e", "green", [ "v-28.65", "h86.4" ] ],
    [ "esp:CMD", "r8:2", "black", [ "v-47.85", "h96", "v-19.2" ] ],
    [ "bb1:28t.e", "bb1:23t.c", "green", [ "v0" ] ],
    [ "esp:27", "bb1:22t.b", "blue", [ "v-38.25", "h115.2", "v-172.8" ] ],
    [ "bb1:22b.j", "esp:14", "cyan", [ "v96", "h-48" ] ],
    [ "bb1:20b.j", "esp:12", "red", [ "v57.6", "h-9.6" ] ],
    [ "esp:13", "bb1:19b.j", "yellow", [ "v-105.45", "h38.4" ] ],
    [ "bb1:20t.b", "esp:17", "#8f4814", [ "v0", "h-105.6", "v336", "h28.8" ] ],
    [ "sevseg1:COM.1", "bb1:21b.i", "", [ "$bb" ] ],
    [ "sevseg1:COM.2", "bb1:21t.d", "", [ "$bb" ] ],
    [ "sevseg1:A", "bb1:22t.d", "", [ "$bb" ] ],
    [ "sevseg1:B", "bb1:23t.d", "", [ "$bb" ] ],
    [ "sevseg1:C", "bb1:22b.i", "", [ "$bb" ] ],
    [ "sevseg1:D", "bb1:20b.i", "", [ "$bb" ] ],
    [ "sevseg1:E", "bb1:19b.i", "", [ "$bb" ] ],
    [ "sevseg1:F", "bb1:20t.d", "", [ "$bb" ] ],
    [ "sevseg1:G", "bb1:19t.d", "", [ "$bb" ] ],
    [ "sevseg1:DP", "bb1:23b.i", "", [ "$bb" ] ],
    [ "r8:1", "bb1:21b.j", "", [ "$bb" ] ],
    [ "bb1:19t.c", "esp:16", "magenta", [ "v0", "h-115.2", "v307.2", "h96" ] ]
  ],
  "dependencies": {}
}