{
  "version": 1,
  "author": "Anonymous maker",
  "editor": "wokwi",
  "parts": [
    {
      "type": "board-esp32-devkit-c-v4",
      "id": "esp",
      "top": 0,
      "left": -4.76,
      "attrs": { "env": "micropython-20231227-v1.22.0" }
    },
    {
      "type": "wokwi-resistor",
      "id": "r1",
      "top": 176.2,
      "left": 133.55,
      "rotate": 270,
      "attrs": { "value": "10000" }
    },
    {
      "type": "wokwi-pushbutton",
      "id": "btn1",
      "top": 111.8,
      "left": 172.8,
      "attrs": { "color": "green" }
    },
    {
      "type": "wokwi-pushbutton",
      "id": "btn2",
      "top": 102.2,
      "left": -182.4,
      "attrs": { "color": "green" }
    }
  ],
  "connections": [
    [ "esp:TX", "$serialMonitor:RX", "", [] ],
    [ "esp:RX", "$serialMonitor:TX", "", [] ],
    [ "btn1:2.l", "r1:2", "green", [ "h0" ] ],
    [ "r1:1", "esp:CMD", "black", [ "h0", "v9.6", "h-182.4", "v-28.8" ] ],
    [ "esp:3V3", "btn1:1.l", "red", [ "h-28.65", "v-38.4", "h0", "v0", "h182.4", "v134.4" ] ],
    [ "esp:4", "btn1:2.l", "cyan", [ "h0" ] ],
    [ "btn2:2.r", "esp:CMD", "black", [ "h105.8", "v48.2" ] ],
    [ "btn2:1.r", "esp:26", "cyan", [ "v0" ] ]
  ],
  "dependencies": {}
}