{
  "version": 1,
  "author": "Anonymous maker",
  "editor": "wokwi",
  "parts": [
    { "type": "wokwi-breadboard-half", "id": "bb1", "top": -89.4, "left": -93.2, "attrs": {} },
    {
      "type": "board-esp32-devkit-c-v4",
      "id": "esp",
      "top": 113.54,
      "left": 3.7,
      "rotate": 90,
      "attrs": { "env": "micropython-20231227-v1.22.0" }
    },
    {
      "type": "wokwi-7segment",
      "id": "sevseg1",
      "top": -23.82,
      "left": 24.28,
      "attrs": { "common": "cathode" }
    },
    {
      "type": "wokwi-resistor",
      "id": "r1",
      "top": 81.6,
      "left": 18.65,
      "rotate": 90,
      "attrs": { "value": "1000" }
    },
    {
      "type": "wokwi-pushbutton",
      "id": "btn1",
      "top": 35,
      "left": -240,
      "rotate": 90,
      "attrs": { "color": "green" }
    },
    {
      "type": "wokwi-pushbutton",
      "id": "btn2",
      "top": 211.1,
      "left": -246.1,
      "rotate": 90,
      "attrs": { "color": "green" }
    },
    {
      "type": "wokwi-resistor",
      "id": "r2",
      "top": 129.6,
      "left": -240.55,
      "rotate": 90,
      "attrs": { "value": "10000" }
    },
    {
      "type": "wokwi-servo",
      "id": "servo1",
      "top": 27.8,
      "left": 337.8,
      "rotate": 270,
      "attrs": {}
    }
  ],
  "connections": [
    [ "esp:TX", "$serialMonitor:RX", "", [] ],
    [ "esp:RX", "$serialMonitor:TX", "", [] ],
    [ "r1:2", "esp:GND.1", "black", [ "h0", "v37.2", "h-38.4" ] ],
    [ "bb1:14b.i", "esp:14", "cyan", [ "v96", "h-28.8", "v9.6" ] ],
    [ "bb1:12b.j", "esp:12", "magenta", [ "v67.2", "h-19.2" ] ],
    [ "bb1:11b.j", "esp:13", "yellow", [ "v57.6", "h-28.8" ] ],
    [ "bb1:15t.a", "esp:26", "green", [ "v-19.2", "h28.8", "v201.6", "h0", "v19.2", "h-38.4" ] ],
    [ "bb1:14t.a", "esp:27", "blue", [ "v-9.6", "h48", "v201.6", "h0" ] ],
    [ "bb1:12t.a", "esp:17", "#8f4814", [ "v-19.2", "h-144", "v345.6", "h144" ] ],
    [ "bb1:11t.a", "esp:16", "magenta", [ "v-9.6", "h-124.8", "v364.8", "h9.6" ] ],
    [ "r1:1", "bb1:13b.i", "", [ "$bb" ] ],
    [ "sevseg1:COM.1", "bb1:13b.h", "", [ "$bb" ] ],
    [ "sevseg1:COM.2", "bb1:13t.c", "", [ "$bb" ] ],
    [ "sevseg1:A", "bb1:14t.c", "", [ "$bb" ] ],
    [ "sevseg1:B", "bb1:15t.c", "", [ "$bb" ] ],
    [ "sevseg1:C", "bb1:14b.h", "", [ "$bb" ] ],
    [ "sevseg1:D", "bb1:12b.h", "", [ "$bb" ] ],
    [ "sevseg1:E", "bb1:11b.h", "", [ "$bb" ] ],
    [ "sevseg1:F", "bb1:12t.c", "", [ "$bb" ] ],
    [ "sevseg1:G", "bb1:11t.c", "", [ "$bb" ] ],
    [ "sevseg1:DP", "bb1:15b.h", "", [ "$bb" ] ],
    [ "esp:3V3", "bb1:bp.18", "red", [ "v0" ] ],
    [ "bb1:bp.1", "btn1:1.r", "red", [ "v8.7", "h-132.8" ] ],
    [ "r2:1", "btn1:2.r", "green", [ "h0" ] ],
    [ "r2:2", "esp:CMD", "black", [ "h0" ] ],
    [ "btn1:2.r", "esp:4", "orange", [ "v3.5", "h12.9", "v48", "h86.4", "v153.6", "h134.4" ] ],
    [ "btn2:1.r", "esp:5", "gray", [ "v86.6", "h268.8" ] ],
    [ "btn2:2.r", "esp:GND.2", "black", [ "v105.8", "h364.6" ] ],
    [ "esp:5V", "bb1:bn.3", "red", [ "v0" ] ],
    [ "bb1:bn.25", "servo1:V+", "red", [ "v104.3", "h212.8" ] ],
    [ "servo1:GND", "esp:GND.3", "black", [ "v124.8", "h-336" ] ],
    [ "esp:18", "servo1:PWM", "purple", [ "v38.4", "h412.8" ] ]
  ],
  "dependencies": {}
}