{
  "version": 1,
  "author": "Anonymous maker",
  "editor": "wokwi",
  "parts": [
    {
      "type": "board-esp32-devkit-c-v4",
      "id": "esp",
      "top": 0,
      "left": 0,
      "attrs": { "env": "micropython-20231227-v1.22.0" }
    },
    {
      "type": "wokwi-servo",
      "id": "servo1",
      "top": -39.4,
      "left": 117,
      "rotate": 270,
      "attrs": {}
    }
  ],
  "connections": [
    [ "esp:TX", "$serialMonitor:RX", "", [] ],
    [ "esp:RX", "$serialMonitor:TX", "", [] ],
    [ "servo1:GND", "esp:CMD", "black", [ "v124.8", "h-211.2", "v-38.4" ] ],
    [ "esp:3V3", "servo1:V+", "red", [ "h-100.61", "v230.4", "h316.8" ] ],
    [ "servo1:PWM", "esp:18", "green", [ "v57.6", "h-76.6", "v-57.6", "h-9.6" ] ]
  ],
  "dependencies": {}
}